question_id,category,question_text,expected_answer,llm_response,processing_time,timestamp,success,error_message,model_used
1,limits,Find the limit: lim(x→-2) [-5*x**4 + x**3 - 6*x**2 + 10*x - 1],-133,"Since the expression is a polynomial, it is continuous everywhere.  
Therefore

\[
\lim_{x\to-2}\bigl(-5x^{4}+x^{3}-6x^{2}+10x-1\bigr)
= -5(-2)^{4}+(-2)^{3}-6(-2)^{2}+10(-2)-1 .
\]

Compute each term:

\[
\begin{aligned}
(-2)^{2} &= 4,\\
(-2)^{3} &= -8,\\
(-2)^{4} &= 16.
\end{aligned}
\]

Now substitute:

\[
\begin{aligned}
-5x^{4} &= -5(16) = -80,\\
x^{3} &= -8,\\
-6x^{2} &= -6(4) = -24,\\
10x &= 10(-2) = -20,\\
-1 &= -1.
\end{aligned}
\]

Add them:

\[
-80-8-24-20-1 = -(80+8+24+20+1) = -133.
\]

\[
\boxed{-133}
\]",145.54859852790833,2025-10-26T19:56:47.270537,True,,gpt-oss:20b
2,limits,Find the limit: lim(x→0) [6*x**2 - x + 5],5,"To evaluate the limit

\[
\lim_{x\to 0}\bigl(6x^{2}-x+5\bigr),
\]

follow these simple steps:

1. **Recognize the function type**  
   The expression \(6x^{2}-x+5\) is a polynomial.  
   Polynomials are continuous everywhere on \(\mathbb{R}\).

2. **Apply the continuity property**  
   For a continuous function \(f(x)\),  
   \[
   \lim_{x\to a} f(x) = f(a).
   \]
   Here \(f(x)=6x^{2}-x+5\) and \(a=0\).

3. **Substitute \(x=0\) into the polynomial**  
   \[
   f(0)=6(0)^{2}-0+5 = 0-0+5 = 5.
   \]

4. **State the limit**  
   \[
   \boxed{5}
   \]

So, \(\displaystyle \lim_{x\to 0}\bigl(6x^{2}-x+5\bigr)=5.\)",99.24539756774902,2025-10-26T20:06:51.080531,True,,gpt-oss:20b
3,limits,Find the limit: lim(y→2) [-2*y**3 - 9*y**2 + 10*y + 3],-29,"The expression  

\[
-2y^{3}-9y^{2}+10y+3
\]

is a polynomial.  
Polynomials are continuous everywhere, so the limit as \(y\) approaches any real number is simply the value of the polynomial at that point.

---

### Step 1: Substitute \(y = 2\)

\[
\begin{aligned}
-2(2)^{3} &- 9(2)^{2} + 10(2) + 3 \\
&= -2(8) - 9(4) + 20 + 3 .
\end{aligned}
\]

### Step 2: Compute each term

\[
\begin{aligned}
-2(8) &= -16,\\
-9(4) &= -36,\\
10(2) &= 20.
\end{aligned}
\]

### Step 3: Sum the terms

\[
-16 - 36 + 20 + 3 = (-52) + 23 = -29.
\]

---

\[
\boxed{-29}
\]",114.34636974334717,2025-10-26T21:43:47.099333,True,,gpt-oss:20b
